City_ID,City,Country,Date,Lat,Lng,Weather,Max Temp,Humidity,Cloudiness,Wind Speed
0,Sorong,ID,2022-03-02 19:49:04,-0.8833,131.25,Light Rain,80.29,79,100,2.8
1,Batemans Bay,AU,2022-03-02 19:49:05,-35.7167,150.1833,Light Rain,68.2,92,98,10.89
2,Roald,NO,2022-03-02 19:49:05,62.5833,6.1333,Broken Clouds,39.33,100,75,3.44
3,San Cristobal,VE,2022-03-02 19:49:06,7.7669,-72.225,Broken Clouds,78.98,39,65,5.46
4,Pochutla,MX,2022-03-02 19:49:07,15.7432,-96.4661,Clear Sky,88.83,43,3,10.29
5,Chokurdakh,RU,2022-03-02 19:49:07,70.6333,147.9167,Scattered Clouds,-28.25,100,42,2.15
6,Cape Town,ZA,2022-03-02 19:49:08,-33.9258,18.4232,Few Clouds,70.12,87,20,8.05
7,Kapaa,US,2022-03-02 19:49:08,22.0752,-159.319,Clear Sky,76.48,77,0,6.91
8,Vaini,TO,2022-03-02 19:49:09,-21.2,-175.2,Broken Clouds,75.36,100,75,3.44
9,Atuona,PF,2022-03-02 19:44:24,-9.8,-139.0333,Light Rain,78.19,80,22,19.06
10,Upata,VE,2022-03-02 19:49:10,8.0086,-62.3989,Few Clouds,82.18,40,15,5.53
11,San Quintin,MX,2022-03-02 19:49:11,30.4833,-115.95,Overcast Clouds,70.52,37,94,8.52
12,Hermanus,ZA,2022-03-02 19:49:12,-34.4187,19.2345,Clear Sky,69.91,83,0,13.76
13,Kroya,ID,2022-03-02 19:49:12,-7.6331,109.2461,Overcast Clouds,76.03,88,98,3.06
14,Husavik,IS,2022-03-02 19:49:13,66.0449,-17.3389,Overcast Clouds,42.71,91,100,25.5
15,Ushuaia,AR,2022-03-02 19:49:13,-54.8,-68.3,Broken Clouds,53.26,50,75,14.97
16,Albany,US,2022-03-02 19:45:07,42.6001,-73.9662,Overcast Clouds,39.63,56,98,3.0
17,Luganville,VU,2022-03-02 19:49:14,-15.5333,167.1667,Overcast Clouds,76.8,88,99,2.68
18,Tayoltita,MX,2022-03-02 19:49:15,24.0833,-105.9333,Overcast Clouds,85.89,13,100,7.81
19,Guerrero Negro,MX,2022-03-02 19:49:15,27.9769,-114.0611,Overcast Clouds,75.24,30,98,7.9
20,Jasper,US,2022-03-02 19:48:17,37.2001,-94.3502,Clear Sky,77.05,15,0,19.57
21,Shirokiy,RU,2022-03-02 19:49:16,49.758,129.523,Few Clouds,-11.11,100,12,4.36
22,Avarua,CK,2022-03-02 19:46:58,-21.2078,-159.775,Few Clouds,84.25,79,20,10.36
23,Malaya Purga,RU,2022-03-02 19:49:17,56.5567,53.0043,Overcast Clouds,8.17,100,94,4.54
24,Saskylakh,RU,2022-03-02 19:49:17,71.9167,114.0833,Overcast Clouds,-30.26,100,88,4.97
25,Torbay,CA,2022-03-02 19:45:13,47.6666,-52.7314,Overcast Clouds,31.28,75,100,19.57
26,Fortuna,US,2022-03-02 19:49:19,40.5982,-124.1573,Broken Clouds,65.93,73,75,3.0
27,Rikitea,PF,2022-03-02 19:49:19,-23.1203,-134.9692,Light Rain,79.2,71,15,17.34
28,Jinka,ET,2022-03-02 19:49:20,5.65,36.65,Light Rain,72.75,47,89,1.63
29,Mahebourg,MU,2022-03-02 19:49:20,-20.4081,57.7,Broken Clouds,80.89,89,75,12.66
30,Berga,NO,2022-03-02 19:49:21,60.392,5.328,Broken Clouds,41.65,92,75,4.61
31,Airai,TL,2022-03-02 19:49:22,-8.9266,125.4092,Few Clouds,60.42,87,14,1.95
32,College,US,2022-03-02 19:49:22,64.8569,-147.8028,Fog,14.07,84,40,0.0
33,Havre,FR,2022-03-02 19:49:23,49.5833,0.3333,Clear Sky,51.57,62,0,5.75
34,Georgetown,MY,2022-03-02 19:47:27,5.4112,100.3354,Scattered Clouds,78.73,93,40,3.44
35,Cherskiy,RU,2022-03-02 19:49:24,68.75,161.3,Broken Clouds,-24.84,100,65,2.24
36,Marshall,US,2022-03-02 19:49:24,34.3834,-86.3333,Clear Sky,76.21,29,0,7.0
37,Pozo Colorado,PY,2022-03-02 19:49:25,-23.4923,-58.7972,Overcast Clouds,91.47,52,100,8.86
38,Bluff,NZ,2022-03-02 19:49:25,-46.6,168.3333,Overcast Clouds,43.81,79,100,3.83
39,Axim,GH,2022-03-02 19:49:26,4.8699,-2.2405,Light Rain,79.95,85,22,4.59
40,Cidreira,BR,2022-03-02 19:49:26,-30.1811,-50.2056,Few Clouds,78.15,81,13,10.74
41,Carnarvon,AU,2022-03-02 19:49:26,-24.8667,113.6333,Clear Sky,68.07,60,0,24.16
42,Busselton,AU,2022-03-02 19:49:27,-33.65,115.3333,Scattered Clouds,48.09,70,31,5.68
43,Hithadhoo,MV,2022-03-02 19:50:27,-0.6,73.0833,Scattered Clouds,84.69,66,47,9.89
44,Lasa,IT,2022-03-02 19:50:28,46.6166,10.7002,Overcast Clouds,43.68,78,99,4.76
45,Saldanha,ZA,2022-03-02 19:50:29,-33.0117,17.9442,Clear Sky,69.85,92,1,3.65
46,East London,ZA,2022-03-02 19:49:26,-33.0153,27.9116,Overcast Clouds,73.6,78,100,13.06
47,Yellowknife,CA,2022-03-02 19:50:29,62.456,-114.3525,Clear Sky,0.41,62,0,0.0
48,Aginskoye,RU,2022-03-02 19:50:30,51.1,114.53,Overcast Clouds,-2.36,97,97,1.57
49,Flin Flon,CA,2022-03-02 19:50:30,54.7682,-101.865,Clear Sky,-0.56,46,0,9.22
50,Kahului,US,2022-03-02 19:50:31,20.8947,-156.47,Scattered Clouds,80.83,69,40,5.01
51,Hervey Bay,AU,2022-03-02 19:50:31,-25.2986,152.8535,Scattered Clouds,82.51,96,31,5.99
52,Tommot,RU,2022-03-02 19:50:31,58.9564,126.2925,Broken Clouds,-15.5,99,84,2.75
53,Sorland,NO,2022-03-02 19:50:32,67.667,12.6934,Overcast Clouds,37.26,58,98,18.66
54,Belyy Yar,RU,2022-03-02 19:50:32,53.6039,91.3903,Light Shower Snow,21.09,73,40,2.24
55,Beyneu,KZ,2022-03-02 19:50:33,45.3167,55.2,Broken Clouds,44.33,70,80,10.16
56,Sitka,US,2022-03-02 19:50:34,57.0531,-135.33,Overcast Clouds,40.89,81,100,9.22
57,Mataura,NZ,2022-03-02 19:50:34,-46.1927,168.8643,Overcast Clouds,43.48,76,97,0.96
58,Faanui,PF,2022-03-02 19:50:34,-16.4833,-151.75,Few Clouds,81.86,69,18,18.84
59,Alta Floresta,BR,2022-03-02 19:50:35,-9.8756,-56.0861,Few Clouds,89.42,55,20,5.75
60,Punta Arenas,CL,2022-03-02 19:48:19,-53.15,-70.9167,Overcast Clouds,50.11,81,100,11.5
61,Arraial Do Cabo,BR,2022-03-02 19:50:36,-22.9661,-42.0278,Clear Sky,91.36,58,0,19.57
62,Teahupoo,PF,2022-03-02 19:50:36,-17.8333,-149.2667,Light Rain,78.76,75,38,19.62
63,Maceio,BR,2022-03-02 19:50:36,-9.6658,-35.7353,Scattered Clouds,85.44,65,40,13.8
64,Khani,GE,2022-03-02 19:50:37,41.9563,42.9566,Overcast Clouds,44.17,81,100,4.05
65,Karratha,AU,2022-03-02 19:50:38,-20.7377,116.8463,Broken Clouds,87.15,65,55,5.46
66,Poya,NC,2022-03-02 19:50:38,-21.35,165.15,Overcast Clouds,78.4,86,89,3.36
67,Ichinohe,JP,2022-03-02 19:50:38,40.2069,141.3017,Few Clouds,23.85,93,21,5.77
68,Tigzirt,DZ,2022-03-02 19:50:39,36.8886,4.1198,Clear Sky,52.63,60,5,4.97
69,Salalah,OM,2022-03-02 19:50:40,17.0151,54.0924,Clear Sky,73.63,62,4,0.81
70,Fare,PF,2022-03-02 19:50:40,-16.7,-151.0167,Light Rain,80.96,75,46,16.96
71,Coihaique,CL,2022-03-02 19:50:41,-45.5752,-72.0662,Broken Clouds,70.41,68,75,4.61
72,Qaanaaq,GL,2022-03-02 19:50:41,77.484,-69.3632,Clear Sky,4.19,54,8,8.46
73,Tiksi,RU,2022-03-02 19:50:42,71.6872,128.8694,Broken Clouds,-24.09,100,79,1.57
74,Warrnambool,AU,2022-03-02 19:50:43,-38.3833,142.4833,Clear Sky,63.36,91,0,8.08
75,Clyde River,CA,2022-03-02 19:50:43,70.4692,-68.5914,Light Snow,7.03,85,100,24.16
76,Mahajanga,MG,2022-03-02 19:50:43,-15.7167,46.3167,Few Clouds,82.42,74,20,8.05
77,Tasiilaq,GL,2022-03-02 19:50:44,65.6145,-37.6368,Overcast Clouds,26.49,76,100,30.6
78,Lebu,CL,2022-03-02 19:50:44,-37.6167,-73.65,Clear Sky,64.58,82,7,20.09
79,Spasskoye,RU,2022-03-02 19:50:45,44.6108,132.7969,Overcast Clouds,19.42,89,100,8.41
80,Vila Franca Do Campo,PT,2022-03-02 19:50:45,37.7167,-25.4333,Overcast Clouds,59.2,75,86,9.89
81,Khatanga,RU,2022-03-02 19:50:46,71.9667,102.5,Overcast Clouds,-0.22,88,100,8.61
82,Hilo,US,2022-03-02 19:50:46,19.7297,-155.09,Few Clouds,79.79,69,20,5.01
83,Gizo,SB,2022-03-02 19:50:47,-8.103,156.8419,Moderate Rain,78.67,86,100,9.1
84,Kutum,SD,2022-03-02 19:50:47,14.2,24.6667,Overcast Clouds,76.32,13,95,6.44
85,Port-Gentil,GA,2022-03-02 19:50:47,-0.7193,8.7815,Scattered Clouds,84.16,79,40,8.05
86,Hobart,AU,2022-03-02 19:50:48,-42.8794,147.3294,Scattered Clouds,64.26,86,40,4.61
87,Imamoglu,TR,2022-03-02 19:50:48,37.2651,35.6572,Light Rain,55.11,97,100,8.3
88,Severo-Kurilsk,RU,2022-03-02 19:51:49,50.6789,156.125,Light Snow,24.71,65,95,23.47
89,Imeni Poliny Osipenko,RU,2022-03-02 19:51:49,52.4201,136.4853,Broken Clouds,-21.98,100,73,0.45
90,Mount Isa,AU,2022-03-02 19:51:50,-20.7333,139.5,Clear Sky,65.97,48,6,0.0
91,Dewas,IN,2022-03-02 19:51:50,22.9667,76.0667,Clear Sky,66.38,28,3,4.74
92,Klaksvik,FO,2022-03-02 19:51:51,62.2266,-6.589,Overcast Clouds,41.92,81,99,32.46
93,Bilibino,RU,2022-03-02 19:51:51,68.0546,166.4372,Broken Clouds,-13.43,100,65,4.05
94,Norman Wells,CA,2022-03-02 19:49:14,65.282,-126.8329,Broken Clouds,5.04,66,75,18.41
95,Neiafu,TO,2022-03-02 19:51:52,-18.65,-173.9833,Broken Clouds,79.48,94,75,0.0
96,Garowe,SO,2022-03-02 19:51:52,8.4054,48.4845,Clear Sky,70.45,60,1,11.81
97,New Norfolk,AU,2022-03-02 19:51:53,-42.7826,147.0587,Scattered Clouds,63.9,76,32,1.74
98,Touros,BR,2022-03-02 19:51:53,-5.1989,-35.4608,Broken Clouds,88.7,68,56,11.3
99,Pevek,RU,2022-03-02 19:51:54,69.7008,170.3133,Overcast Clouds,-19.17,100,98,4.7
100,Yamada,JP,2022-03-02 19:51:54,39.4667,141.95,Broken Clouds,34.02,80,63,4.18
101,Banjar,ID,2022-03-02 19:51:55,-8.19,114.9675,Moderate Rain,78.66,94,89,3.91
102,Port Alfred,ZA,2022-03-02 19:51:55,-33.5906,26.891,Few Clouds,68.36,88,11,9.93
103,Souillac,MU,2022-03-02 19:51:55,-20.5167,57.5167,Light Rain,80.98,89,75,12.66
104,Shimoda,JP,2022-03-02 19:51:56,34.6667,138.95,Scattered Clouds,46.11,74,38,4.59
105,Nikolskoye,RU,2022-03-02 19:51:56,59.7035,30.7861,Overcast Clouds,34.88,91,99,4.03
106,Port Lincoln,AU,2022-03-02 19:51:57,-34.7333,135.8667,Broken Clouds,67.17,89,72,8.7
107,Tupik,RU,2022-03-02 19:51:57,54.4253,119.9327,Overcast Clouds,-2.72,95,100,3.04
108,Tuktoyaktuk,CA,2022-03-02 19:51:58,69.4541,-133.0374,Scattered Clouds,-5.8,65,40,19.57
109,Asau,RO,2022-03-02 19:51:58,46.4333,26.4,Overcast Clouds,31.95,95,97,4.05
110,Catamarca,AR,2022-03-02 19:51:59,-28.4696,-65.7852,Few Clouds,90.77,49,13,4.0
111,Lompoc,US,2022-03-02 19:51:59,34.6391,-120.4579,Clear Sky,84.02,26,0,5.99
112,Kaeo,NZ,2022-03-02 19:52:00,-35.1,173.7833,Overcast Clouds,67.32,80,100,17.94
113,Yakeshi,CN,2022-03-02 19:52:00,49.2833,120.7333,Scattered Clouds,-17.19,100,50,3.96
114,Port Said,EG,2022-03-02 19:52:01,31.2565,32.2841,Clear Sky,64.38,82,0,4.61
115,Okhotsk,RU,2022-03-02 19:52:01,59.3833,143.3,Overcast Clouds,0.73,73,100,14.92
116,Puerto Escondido,MX,2022-03-02 19:52:02,15.85,-97.0667,Clear Sky,86.13,53,5,7.31
117,Attingal,IN,2022-03-02 19:52:02,8.6833,76.8333,Overcast Clouds,78.48,62,100,6.29
118,Lagoa Santa,BR,2022-03-02 19:52:03,-19.6272,-43.8897,Scattered Clouds,86.41,46,40,5.75
119,Presidencia Roque Saenz Pena,AR,2022-03-02 19:52:03,-26.7852,-60.4388,Broken Clouds,93.33,44,82,4.59
120,Petropavlovskoye,RU,2022-03-02 19:52:04,52.0712,84.107,Broken Clouds,7.23,96,53,6.98
121,Vostok,RU,2022-03-02 19:52:04,46.4856,135.8833,Overcast Clouds,4.51,99,100,2.8
122,Penzance,GB,2022-03-02 19:52:05,50.1186,-5.5371,Moderate Rain,49.21,90,100,15.64
123,Porto Novo,BJ,2022-03-02 19:48:52,6.4965,2.6036,Overcast Clouds,84.02,80,93,8.75
124,Dzemul,MX,2022-03-02 19:52:05,21.2,-89.3,Broken Clouds,80.06,47,75,8.41
125,San Jeronimo,PE,2022-03-02 19:52:06,-11.9472,-75.2829,Overcast Clouds,56.05,72,94,6.89
126,Moindou,NC,2022-03-02 19:52:06,-21.6924,165.677,Broken Clouds,75.15,84,76,3.6
127,Saint-Francois,FR,2022-03-02 19:52:07,46.4154,3.9054,Broken Clouds,44.67,80,75,0.0
128,Nuevo Progreso,MX,2022-03-02 19:52:08,23.1667,-97.95,Broken Clouds,78.6,59,61,4.0
129,Lorengau,PG,2022-03-02 19:52:08,-2.0226,147.2712,Overcast Clouds,79.88,78,100,3.04
130,Filadelfia,US,2022-03-02 19:48:10,39.9523,-75.1638,Few Clouds,57.56,33,20,14.97
131,Petropavlovsk-Kamchatskiy,RU,2022-03-02 19:52:09,53.0452,158.6483,Broken Clouds,12.79,57,75,2.24
132,Te Anau,NZ,2022-03-02 19:52:10,-45.4167,167.7167,Overcast Clouds,52.81,78,93,0.72
133,Krasnyy Chikoy,RU,2022-03-02 19:53:10,50.3643,108.7512,Overcast Clouds,3.67,99,100,0.2
134,Uyemskiy,RU,2022-03-02 19:53:11,64.4743,40.8524,Few Clouds,28.45,79,20,6.71
135,Mitsamiouli,KM,2022-03-02 19:53:11,-11.3847,43.2844,Broken Clouds,81.93,73,76,9.31
136,Saint-Joseph,RE,2022-03-02 19:53:12,-21.3667,55.6167,Clear Sky,77.38,86,6,8.63
137,Pangnirtung,CA,2022-03-02 19:53:13,66.1451,-65.7125,Overcast Clouds,3.9,90,100,3.6
138,Jamestown,US,2022-03-02 19:50:13,42.097,-79.2353,Clear Sky,45.72,38,0,11.5
139,Port Shepstone,ZA,2022-03-02 19:53:13,-30.7414,30.455,Broken Clouds,75.78,87,72,22.95
140,Inverness,GB,2022-03-02 19:52:41,57.4791,-4.224,Broken Clouds,44.83,77,75,5.75
141,Cayenne,GF,2022-03-02 19:53:14,4.9333,-52.3333,Few Clouds,84.24,83,20,12.66
142,Kumluca,TR,2022-03-02 19:53:15,36.3703,30.2869,Overcast Clouds,54.39,85,87,15.43
143,Ballitoville,ZA,2022-03-02 19:53:15,-29.539,31.2144,Clear Sky,75.34,78,0,12.66
144,Dzaoudzi,YT,2022-03-02 19:53:16,-12.7887,45.2699,Clear Sky,82.29,78,0,9.22
145,Flinders,AU,2022-03-02 19:53:16,-34.5833,150.8552,Light Rain,70.21,94,96,8.99
146,Mancio Lima,BR,2022-03-02 19:53:17,-7.6142,-72.8958,Broken Clouds,80.67,83,75,3.44
147,Bredasdorp,ZA,2022-03-02 19:53:18,-34.5322,20.0403,Scattered Clouds,70.92,64,48,11.5
148,Butaritari,KI,2022-03-02 19:52:31,3.0707,172.7902,Moderate Rain,80.35,84,100,13.76
149,Jacareacanga,BR,2022-03-02 19:51:41,-6.2222,-57.7528,Overcast Clouds,79.97,91,100,2.93
150,Rio Gallegos,AR,2022-03-02 19:51:36,-51.6226,-69.2181,Light Rain,50.05,87,100,17.27
151,Namibe,AO,2022-03-02 19:53:19,-15.1961,12.1522,Overcast Clouds,74.95,80,100,6.8
152,Mishelevka,RU,2022-03-02 19:53:19,52.8575,103.1719,Overcast Clouds,18.27,77,93,11.3
153,Portoferraio,IT,2022-03-02 19:53:20,42.8115,10.3146,Clear Sky,51.58,75,0,4.61
154,Zhigansk,RU,2022-03-02 19:53:20,66.7697,123.3711,Overcast Clouds,-25.76,100,100,0.78
155,Bonthe,SL,2022-03-02 19:53:21,7.5264,-12.505,Overcast Clouds,78.78,74,96,8.46
156,Avera,US,2022-03-02 19:53:22,33.194,-82.5271,Clear Sky,80.26,24,0,7.43
157,Ribeira Grande,PT,2022-03-02 19:53:22,38.5167,-28.7,Few Clouds,59.4,51,20,8.05
158,Itarema,BR,2022-03-02 19:53:23,-2.9248,-39.9167,Broken Clouds,82.49,70,76,12.8
159,Scandiano,IT,2022-03-02 19:53:23,44.5965,10.6907,Overcast Clouds,44.92,42,100,2.57
160,Cabo San Lucas,MX,2022-03-02 19:53:00,22.8909,-109.9124,Few Clouds,89.51,52,24,5.99
161,Talnakh,RU,2022-03-02 19:53:24,69.4865,88.3972,Overcast Clouds,-20.79,99,100,5.44
162,Caravelas,BR,2022-03-02 19:53:24,-17.7125,-39.2481,Overcast Clouds,81.52,71,100,7.83
163,Castro,BR,2022-03-02 19:53:25,-24.7911,-50.0119,Overcast Clouds,71.92,86,99,5.82
164,Saint-Augustin,CA,2022-03-02 19:53:25,51.226,-58.6502,Snow,18.57,96,100,12.95
165,Iringa,TZ,2022-03-02 19:53:26,-7.7667,35.7,Light Rain,59.47,92,93,4.09
166,Saint-Philippe,RE,2022-03-02 19:53:27,-21.3585,55.7679,Clear Sky,78.39,88,8,8.19
167,Puerto Ayora,EC,2022-03-02 19:52:11,-0.7393,-90.3518,Overcast Clouds,84.16,85,88,8.99
168,Mantua,IT,2022-03-02 19:53:27,45.1667,10.7833,Overcast Clouds,48.81,59,100,1.72
169,Bubaque,GW,2022-03-02 19:52:30,11.2833,-15.8333,Overcast Clouds,76.3,75,100,21.32
170,Mar Del Plata,AR,2022-03-02 19:53:28,-38.0023,-57.5575,Scattered Clouds,71.62,70,40,14.0
171,Dikson,RU,2022-03-02 19:52:28,73.5069,80.5464,Overcast Clouds,-21.6,98,100,7.76
172,Waipawa,NZ,2022-03-02 19:53:29,-41.4122,175.5153,Scattered Clouds,51.93,69,27,1.95
173,Barrow,US,2022-03-02 19:53:29,71.2906,-156.7887,Overcast Clouds,-12.62,100,100,3.94
174,Hasaki,JP,2022-03-02 19:53:30,35.7333,140.8333,Overcast Clouds,41.4,86,100,17.54
175,Nizwa,OM,2022-03-02 19:53:30,22.9333,57.5333,Clear Sky,69.84,68,0,5.17
176,Calvia,ES,2022-03-02 19:54:31,39.5657,2.5062,Scattered Clouds,53.92,66,44,5.08
177,Yuncheng,CN,2022-03-02 19:54:31,35.0231,110.9928,Clear Sky,45.01,30,0,2.39
178,Ulladulla,AU,2022-03-02 19:54:32,-35.35,150.4667,Light Rain,68.9,91,89,13.69
179,Half Moon Bay,US,2022-03-02 19:54:32,37.4636,-122.4286,Clear Sky,74.16,73,0,13.8
180,Quatre Cocos,MU,2022-03-02 19:54:33,-20.2078,57.7625,Light Rain,80.71,87,62,14.81
181,Pleasanton,US,2022-03-02 19:52:49,37.6624,-121.8747,Clear Sky,73.17,55,0,3.44
182,Beringovskiy,RU,2022-03-02 19:54:33,63.05,179.3167,Light Snow,15.39,95,100,14.18
183,Bareli,IN,2022-03-02 19:54:34,28.35,79.4167,Clear Sky,58.44,54,0,6.42
184,Port-Cartier,CA,2022-03-02 19:54:34,50.0334,-66.8654,Light Snow,22.75,82,100,7.27
185,Katsuura,JP,2022-03-02 19:54:35,35.1333,140.3,Overcast Clouds,48.18,86,97,15.88
186,Amasia,TR,2022-03-02 19:54:35,40.6533,35.8331,Overcast Clouds,37.13,98,100,3.91
187,Amga,RU,2022-03-02 19:54:36,60.8953,131.9608,Overcast Clouds,-12.64,100,100,0.6
188,Lakes Entrance,AU,2022-03-02 19:54:36,-37.8811,147.981,Clear Sky,59.16,92,4,10.8
189,Nyrob,RU,2022-03-02 19:54:37,60.733,56.7202,Overcast Clouds,29.23,96,100,6.26
190,Broome,US,2022-03-02 19:54:37,42.2506,-75.833,Overcast Clouds,44.17,50,100,4.0
191,Soe,ID,2022-03-02 19:54:38,-9.8607,124.284,Broken Clouds,66.11,92,82,3.24
192,Codrington,AU,2022-03-02 19:54:38,-38.2667,141.9667,Clear Sky,63.68,85,2,6.58
193,Mahon,ES,2022-03-02 19:51:39,39.8885,4.2658,Few Clouds,54.16,76,20,10.36
194,Maturin,VE,2022-03-02 19:54:39,9.75,-63.1767,Scattered Clouds,86.07,60,38,9.26
195,Sola,VU,2022-03-02 19:54:39,-13.8833,167.55,Overcast Clouds,81.63,77,92,6.76
196,Kavaratti,IN,2022-03-02 19:54:39,10.5669,72.642,Overcast Clouds,82.27,65,99,10.04
197,Barcelona,ES,2022-03-02 19:53:21,41.3888,2.159,Few Clouds,56.57,89,20,9.22
198,Mangan,IN,2022-03-02 19:54:40,27.5167,88.5333,Clear Sky,53.44,61,5,6.51
199,Port Elizabeth,ZA,2022-03-02 19:54:41,-33.918,25.5701,Clear Sky,70.09,83,0,14.97
200,Kandrian,PG,2022-03-02 19:54:42,-6.2167,149.55,Overcast Clouds,76.3,86,100,4.21
201,Iquitos,PE,2022-03-02 19:54:42,-3.7481,-73.2472,Broken Clouds,77.04,88,75,2.3
202,Sucua,EC,2022-03-02 19:54:42,-2.4667,-78.1667,Light Rain,77.74,78,75,4.61
203,Guanica,PR,2022-03-02 19:54:43,17.9716,-66.908,Few Clouds,82.26,80,24,5.01
204,Bengkulu,ID,2022-03-02 19:54:43,-3.8004,102.2655,Broken Clouds,75.49,89,82,4.21
205,Port Augusta,AU,2022-03-02 19:54:44,-32.5,137.7667,Clear Sky,69.71,53,1,4.79
206,Vestmannaeyjar,IS,2022-03-02 19:54:44,63.4427,-20.2734,Overcast Clouds,42.1,63,100,20.87
207,Anadyr,RU,2022-03-02 19:54:44,64.75,177.4833,Overcast Clouds,-6.18,100,98,3.96
208,Buchanan,LR,2022-03-02 19:54:45,5.8808,-10.0467,Moderate Rain,76.96,85,100,5.19
209,Aripuana,BR,2022-03-02 19:54:45,-9.1667,-60.6333,Overcast Clouds,81.45,87,92,1.21
210,Formosa,AR,2022-03-02 19:54:46,-26.1775,-58.1781,Broken Clouds,91.38,49,75,13.8
211,Pisco,PE,2022-03-02 19:54:46,-13.7,-76.2167,Clear Sky,77.05,69,0,10.36
212,Fuyu,CN,2022-03-02 19:54:46,45.1833,124.8167,Overcast Clouds,2.97,100,89,5.66
213,Hare Bay,CA,2022-03-02 19:54:47,48.8499,-54.0148,Overcast Clouds,27.75,66,99,12.15
214,Rawson,AR,2022-03-02 19:50:51,-43.3002,-65.1023,Clear Sky,72.64,40,2,1.23
215,Ponta Do Sol,PT,2022-03-02 19:54:48,32.6667,-17.1,Few Clouds,66.0,79,23,2.1
216,Victoria,HK,2022-03-02 19:51:35,22.2855,114.1577,Overcast Clouds,67.96,83,92,15.99
217,Kalabo,ZM,2022-03-02 19:54:48,-14.97,22.6814,Light Rain,69.12,86,69,4.88
218,Nanortalik,GL,2022-03-02 19:54:49,60.1432,-45.2371,Snow,21.9,93,100,27.63
219,Abu Dhabi,AE,2022-03-02 19:52:19,24.4667,54.3667,Clear Sky,68.97,82,0,3.44
220,Hovd,MN,2022-03-02 19:54:49,48.0056,91.6419,Overcast Clouds,10.87,64,86,9.24
221,Sayat,TM,2022-03-02 19:54:50,38.7839,63.8803,Overcast Clouds,49.87,41,90,10.04
222,Iqaluit,CA,2022-03-02 19:54:50,63.7506,-68.5145,Overcast Clouds,-5.31,70,100,16.11
223,Luderitz,NA,2022-03-02 19:54:51,-26.6481,15.1594,Clear Sky,66.58,84,0,9.86
224,Kigoma,TZ,2022-03-02 19:55:51,-4.8769,29.6267,Light Rain,74.34,80,94,2.98
225,Albanel,CA,2022-03-02 19:55:51,48.8832,-72.4487,Overcast Clouds,15.78,48,100,12.66
226,Soyo,AO,2022-03-02 19:55:52,-6.1349,12.3689,Few Clouds,80.8,81,20,7.74
227,Ostrovnoy,RU,2022-03-02 19:55:52,68.0531,39.5131,Overcast Clouds,27.54,91,100,9.01
228,Hurghada,EG,2022-03-02 19:55:53,27.2574,33.8129,Clear Sky,69.84,78,0,3.44
229,Kunigal,IN,2022-03-02 19:55:53,13.0222,77.0267,Overcast Clouds,68.36,39,100,9.62
230,Puerto Carreno,CO,2022-03-02 19:55:53,6.189,-67.4859,Scattered Clouds,96.78,38,40,8.05
231,Ivankiv,UA,2022-03-02 19:55:54,50.9386,29.8943,Overcast Clouds,33.6,98,100,5.82
232,Whangarei,NZ,2022-03-02 19:55:54,-35.7317,174.3239,Overcast Clouds,67.48,63,100,11.21
233,Laguna,US,2022-03-02 19:51:59,38.421,-121.4238,Clear Sky,75.24,48,0,3.44
234,Portland,US,2022-03-02 19:54:01,45.5234,-122.6762,Moderate Rain,55.53,94,100,1.99
235,Bambous Virieux,MU,2022-03-02 19:55:55,-20.3428,57.7575,Light Rain,80.85,89,75,12.66
236,Pizarro,CO,2022-03-02 19:55:56,4.9533,-77.366,Light Rain,79.97,82,86,5.32
237,Novoagansk,RU,2022-03-02 19:55:56,61.9449,76.6625,Light Snow,11.28,96,100,8.3
238,Wukari,NG,2022-03-02 19:55:57,7.85,9.7833,Overcast Clouds,89.11,24,92,3.96
239,Dakar,SN,2022-03-02 19:55:58,14.6937,-17.4441,Dust,74.28,83,8,13.8
240,Gao,ML,2022-03-02 19:55:58,16.6362,1.637,Few Clouds,85.64,12,16,7.83
241,Bayji,IQ,2022-03-02 19:55:59,34.9311,43.487,Overcast Clouds,61.48,64,100,13.53
242,Banda Aceh,ID,2022-03-02 19:55:59,5.5577,95.3222,Overcast Clouds,78.48,84,100,6.46
243,Kenai,US,2022-03-02 19:52:58,60.5544,-151.2583,Broken Clouds,33.1,88,75,9.22
244,Jardim,BR,2022-03-02 19:56:00,-21.4803,-56.1381,Overcast Clouds,74.3,95,100,6.55
245,Dongsheng,CN,2022-03-02 19:56:00,39.8161,109.9776,Clear Sky,28.74,26,2,13.35
246,Camalu,MX,2022-03-02 19:56:00,30.85,-116.0667,Overcast Clouds,79.43,35,100,5.79
247,Parana,AR,2022-03-02 19:56:01,-31.732,-60.5238,Clear Sky,92.55,36,0,4.9
248,Raudeberg,NO,2022-03-02 19:56:02,61.9875,5.1352,Broken Clouds,39.2,92,56,9.4
249,Sao Joao Da Barra,BR,2022-03-02 19:56:02,-21.6403,-41.0511,Few Clouds,87.89,83,19,15.12
250,North Bend,US,2022-03-02 19:53:16,43.4065,-124.2243,Overcast Clouds,55.24,99,100,8.05
251,Florianopolis,BR,2022-03-02 19:56:03,-27.6146,-48.5012,Scattered Clouds,83.43,75,40,9.22
252,Tuatapere,NZ,2022-03-02 19:56:03,-46.1333,167.6833,Overcast Clouds,43.83,71,100,2.77
253,Providencia,MX,2022-03-02 19:56:04,28.7167,-111.5833,Broken Clouds,86.85,16,57,4.34
254,Khandyga,RU,2022-03-02 19:56:04,62.6667,135.6,Overcast Clouds,-35.25,100,95,1.52
255,Winnemucca,US,2022-03-02 19:56:05,40.973,-117.7357,Overcast Clouds,65.1,22,91,5.77
256,Soria,ES,2022-03-02 19:56:05,41.6667,-2.6667,Broken Clouds,41.02,99,66,3.11
257,Znamenskoye,RU,2022-03-02 19:56:06,57.1281,73.8282,Scattered Clouds,15.04,91,35,10.36
258,Auki,SB,2022-03-02 19:56:06,-8.7676,160.7034,Very Heavy Rain,77.25,89,100,0.45
259,Alofi,NU,2022-03-02 19:56:07,-19.0595,-169.9187,Broken Clouds,80.49,89,83,5.75
260,Sim,RU,2022-03-02 19:56:07,54.993,57.6982,Overcast Clouds,20.48,100,91,3.33
261,Zyryanka,RU,2022-03-02 19:56:08,65.75,150.85,Overcast Clouds,-10.37,96,100,8.43
262,Richards Bay,ZA,2022-03-02 19:56:08,-28.783,32.0377,Few Clouds,73.54,79,15,11.99
263,Sainte-Marie,RE,2022-03-02 19:56:09,-20.8968,55.5496,Clear Sky,78.96,89,0,3.44
264,Yulara,AU,2022-03-02 19:56:10,-25.2406,130.9889,Overcast Clouds,87.64,35,100,16.11
265,Nouadhibou,MR,2022-03-02 19:56:10,20.931,-17.0347,Sand,69.78,73,0,20.71
266,Chuy,UY,2022-03-02 19:56:11,-33.6971,-53.4616,Clear Sky,85.68,32,0,10.63
267,Margate,GB,2022-03-02 19:52:10,51.3813,1.3862,Overcast Clouds,46.96,81,100,1.99
268,Karasjok,NO,2022-03-02 19:56:00,69.4719,25.5112,Overcast Clouds,33.91,80,97,30.33
269,Barentu,ER,2022-03-02 19:56:12,15.1139,37.5928,Broken Clouds,82.63,36,64,4.23
270,Bethel,US,2022-03-02 19:56:12,41.3712,-73.414,Few Clouds,49.3,51,19,9.48
271,Lagoa,PT,2022-03-02 19:55:37,39.05,-27.9833,Overcast Clouds,57.54,63,88,18.3
272,Lazaro Cardenas,MX,2022-03-02 19:57:13,17.9583,-102.2,Clear Sky,84.24,47,0,9.98
273,Esperance,AU,2022-03-02 19:57:13,-33.8667,121.9,Scattered Clouds,60.64,61,45,20.09
274,Kavieng,PG,2022-03-02 19:57:14,-2.5744,150.7967,Overcast Clouds,80.8,78,100,6.13
275,Nizhniy Kuranakh,RU,2022-03-02 19:57:14,58.8353,125.4869,Overcast Clouds,-13.86,98,90,3.31
276,Meulaboh,ID,2022-03-02 19:57:15,4.1363,96.1285,Light Rain,77.76,86,100,4.79
277,Atar,MR,2022-03-02 19:57:15,20.5169,-13.0499,Clear Sky,78.71,20,0,12.91
278,Adrar,MR,2022-03-02 19:57:16,20.5022,-10.0711,Clear Sky,73.94,23,2,12.48
279,Nola,IT,2022-03-02 19:57:16,40.922,14.5329,Few Clouds,48.54,54,20,1.68
280,Diamantino,BR,2022-03-02 19:57:17,-14.4086,-56.4461,Overcast Clouds,83.19,74,94,2.66
281,Kaduqli,SD,2022-03-02 19:57:17,11.0167,29.7167,Clear Sky,85.06,20,1,5.66
282,Golovino,RU,2022-03-02 19:57:18,55.9613,40.4251,Overcast Clouds,21.42,97,100,3.33
283,Fort Wayne,US,2022-03-02 19:52:46,41.1306,-85.1289,Broken Clouds,58.05,55,75,12.66
284,Myitkyina,MM,2022-03-02 19:57:19,25.3833,97.4,Clear Sky,59.13,54,3,2.59
285,Pringsewu,ID,2022-03-02 19:57:19,-5.3582,104.9744,Overcast Clouds,72.25,88,97,2.84
286,Tagusao,PH,2022-03-02 19:57:20,9.1924,117.8141,Few Clouds,77.97,77,16,3.89
287,Sangar,RU,2022-03-02 19:57:20,63.9242,127.4739,Overcast Clouds,-22.36,99,90,3.2
288,Tutoia,BR,2022-03-02 19:57:21,-2.7619,-42.2744,Broken Clouds,87.78,87,80,9.53
289,Provideniya,RU,2022-03-02 19:55:45,64.3833,-173.3,Broken Clouds,12.61,95,57,8.81
290,San Patricio,US,2022-03-02 19:57:21,28.017,-97.5169,Clear Sky,76.01,50,10,10.69
291,Shelburne,CA,2022-03-02 19:57:22,44.0787,-80.2041,Overcast Clouds,33.57,62,100,12.82
292,Bathsheba,BB,2022-03-02 19:57:23,13.2167,-59.5167,Broken Clouds,84.81,70,75,14.97
293,Cururupu,BR,2022-03-02 19:57:23,-1.8283,-44.8683,Broken Clouds,81.18,76,82,5.57
294,Dong Hoi,VN,2022-03-02 19:57:24,17.4833,106.6,Overcast Clouds,68.27,92,89,2.86
295,Isangel,VU,2022-03-02 19:52:50,-19.55,169.2667,Overcast Clouds,80.71,94,100,9.22
296,Khor,RU,2022-03-02 19:57:24,47.8861,134.9464,Overcast Clouds,-5.75,100,100,6.76
297,West Wendover,US,2022-03-02 19:57:25,40.7391,-114.0733,Scattered Clouds,54.97,35,42,4.18
298,Kodiak,US,2022-03-02 19:57:25,57.79,-152.4072,Light Rain,36.91,87,100,24.16
299,Walvis Bay,NA,2022-03-02 19:57:25,-22.9575,14.5053,Clear Sky,68.95,73,3,9.22
300,Marinette,US,2022-03-02 19:55:27,45.1,-87.6307,Overcast Clouds,37.31,55,100,5.75
301,Altay,CN,2022-03-02 19:57:26,47.8667,88.1167,Light Snow,18.95,94,100,0.56
302,Halifax,CA,2022-03-02 19:52:53,44.6453,-63.5724,Broken Clouds,41.0,77,75,11.5
303,Mandan,US,2022-03-02 19:57:27,46.8267,-100.8896,Overcast Clouds,25.03,86,100,12.66
304,Juruti,BR,2022-03-02 19:57:27,-2.1522,-56.0922,Scattered Clouds,86.99,55,38,5.06
305,Constitucion,CL,2022-03-02 19:55:56,-35.3333,-72.4167,Few Clouds,70.07,69,11,15.73
306,Alice Springs,AU,2022-03-02 19:57:28,-23.7,133.8833,Clear Sky,72.95,49,2,4.61
307,Marawi,PH,2022-03-02 19:57:28,7.9986,124.2928,Few Clouds,66.65,95,12,0.58
308,Upernavik,GL,2022-03-02 19:57:29,72.7868,-56.1549,Broken Clouds,-7.98,87,55,7.31
309,Paraibano,BR,2022-03-02 19:57:29,-6.4331,-43.9836,Light Rain,78.24,90,100,0.87
310,Seddon,AU,2022-03-02 19:57:30,-37.8068,144.8916,Clear Sky,67.78,91,0,8.05
311,Hokitika,NZ,2022-03-02 19:57:31,-42.7167,170.9667,Broken Clouds,59.45,61,77,3.91
312,Pangody,RU,2022-03-02 19:57:31,65.85,74.4859,Overcast Clouds,2.37,93,100,5.48
313,Marzuq,YE,2022-03-02 19:57:31,14.4,46.4667,Clear Sky,67.12,69,0,5.48
314,Tual,ID,2022-03-02 19:57:32,-5.6667,132.75,Broken Clouds,83.66,73,72,8.84
315,Luangwa,ZM,2022-03-02 19:58:33,-15.6167,30.4167,Scattered Clouds,72.77,81,44,0.74
316,Taoudenni,ML,2022-03-02 19:58:33,22.6783,-3.9836,Scattered Clouds,74.05,22,40,13.44
317,Magadan,RU,2022-03-02 19:58:34,59.5667,150.8,Overcast Clouds,8.92,76,100,10.49
318,Port Macquarie,AU,2022-03-02 19:58:34,-31.4333,152.9167,Broken Clouds,67.96,92,74,11.39
319,Komsomolskiy,UZ,2022-03-02 19:58:35,40.4272,71.7189,Clear Sky,49.42,61,6,6.91
320,Imbituba,BR,2022-03-02 19:57:18,-28.24,-48.6703,Moderate Rain,85.89,92,100,5.44
321,Kaoma,ZM,2022-03-02 19:58:36,-14.7833,24.8,Broken Clouds,66.36,92,84,2.71
322,Knysna,ZA,2022-03-02 19:58:36,-34.0363,23.0471,Clear Sky,66.79,77,0,4.88
323,Basoko,CD,2022-03-02 19:58:37,1.2391,23.616,Overcast Clouds,72.27,91,100,4.07
324,Nabire,ID,2022-03-02 19:58:37,-3.3667,135.4833,Moderate Rain,75.04,93,91,3.0
325,Bandarbeyla,SO,2022-03-02 19:58:38,9.4942,50.8122,Clear Sky,76.32,70,8,14.65
326,Miles City,US,2022-03-02 19:58:38,46.4083,-105.8406,Mist,38.37,87,100,20.71
327,Naze,JP,2022-03-02 19:58:39,28.3667,129.4833,Clear Sky,51.94,67,3,8.97
328,Shihezi,CN,2022-03-02 19:58:39,44.3,86.0333,Overcast Clouds,28.13,80,100,2.35
329,Aklavik,CA,2022-03-02 19:58:40,68.2191,-135.0107,Scattered Clouds,2.23,65,40,9.22
330,Vanimo,PG,2022-03-02 19:58:40,-2.6741,141.3028,Light Rain,76.73,87,94,2.93
331,Tanauan,PH,2022-03-02 19:58:41,14.0863,121.1498,Broken Clouds,77.47,91,74,5.55
332,Waddan,LY,2022-03-02 19:58:41,29.1614,16.139,Clear Sky,52.03,50,5,12.28
333,Kalmunai,LK,2022-03-02 19:58:42,7.4167,81.8167,Overcast Clouds,76.5,84,100,9.53
334,Kinsale,IE,2022-03-02 19:58:42,51.7075,-8.5306,Broken Clouds,48.24,100,75,10.36
335,Yar-Sale,RU,2022-03-02 19:58:43,66.8333,70.8333,Light Snow,5.99,96,100,7.58
336,Kattivakkam,IN,2022-03-02 19:58:43,13.2167,80.3167,Overcast Clouds,80.08,84,90,8.55
337,Shakawe,BW,2022-03-02 19:58:44,-18.3667,21.85,Light Rain,68.09,90,98,2.55
338,Kununurra,AU,2022-03-02 19:58:44,-15.7667,128.7333,Scattered Clouds,78.78,94,38,3.44
339,Ixtapa,MX,2022-03-02 19:54:28,20.7,-105.2,Clear Sky,89.69,25,0,8.55
340,Aiquile,BO,2022-03-02 19:58:45,-18.2041,-65.1807,Overcast Clouds,69.31,66,100,10.67
341,Keti Bandar,PK,2022-03-02 19:58:45,24.1447,67.4497,Clear Sky,73.63,63,0,7.2
342,Dingle,PH,2022-03-02 19:58:45,10.9995,122.6711,Overcast Clouds,75.7,91,100,7.49
343,Saint-Denis,FR,2022-03-02 19:58:46,48.9167,2.3333,Clear Sky,50.11,67,0,4.61
344,Taytsy,RU,2022-03-02 19:58:46,59.6644,30.1147,Overcast Clouds,34.16,80,100,6.71
345,Lavrentiya,RU,2022-03-02 19:58:47,65.5833,-171.0,Overcast Clouds,10.65,96,99,4.76
346,Kruisfontein,ZA,2022-03-02 19:58:47,-34.0033,24.7314,Clear Sky,65.88,77,0,3.6
347,Cockburn Town,TC,2022-03-02 19:58:48,21.4612,-71.1419,Scattered Clouds,80.56,69,40,6.91
348,Tura,IN,2022-03-02 19:58:48,25.5198,90.2201,Clear Sky,62.62,46,0,2.59
349,Baisha,CN,2022-03-02 19:58:49,26.5222,110.9311,Broken Clouds,55.27,84,83,1.23
350,Dixon,US,2022-03-02 19:54:01,38.4455,-121.8233,Few Clouds,73.18,55,20,0.0
351,Huaidian,CN,2022-03-02 19:58:49,33.4333,115.0333,Clear Sky,45.39,62,0,4.52
352,Werda,BW,2022-03-02 19:58:50,-25.2667,23.2833,Few Clouds,79.52,44,16,5.5
353,Taurage,LT,2022-03-02 19:56:12,55.2522,22.2897,Broken Clouds,30.02,91,56,4.7
354,Boynton Beach,US,2022-03-02 19:55:45,26.5254,-80.0664,Scattered Clouds,77.05,60,37,9.98
355,Canyon,US,2022-03-02 19:58:50,34.9803,-101.9188,Clear Sky,76.01,8,10,2.91
356,Enshi,CN,2022-03-02 19:58:51,30.3,109.4833,Clear Sky,48.76,92,0,1.19
357,Trat,TH,2022-03-02 19:58:51,12.5,102.5,Overcast Clouds,82.98,87,99,2.39
358,Hondo,JP,2022-03-02 19:58:52,32.45,130.2,Clear Sky,45.95,56,4,11.77
359,Bam,IR,2022-03-02 19:59:52,29.106,58.357,Overcast Clouds,63.91,26,100,1.92
360,Weston,US,2022-03-02 19:58:16,26.1004,-80.3998,Overcast Clouds,79.02,74,94,1.01
361,Thompson,CA,2022-03-02 19:59:53,55.7435,-97.8558,Broken Clouds,-0.24,46,75,13.8
362,Marsh Harbour,BS,2022-03-02 19:59:53,26.5412,-77.0636,Clear Sky,73.81,69,4,12.91
363,Ko Samui,TH,2022-03-02 19:59:54,9.5357,99.9357,Broken Clouds,81.82,77,64,12.55
364,Ilulissat,GL,2022-03-02 19:59:54,69.2167,-51.1,Light Rain,35.73,49,100,22.79
365,Tessalit,ML,2022-03-02 19:59:55,20.1986,1.0114,Clear Sky,81.16,18,1,11.14
366,Derzhavinsk,KZ,2022-03-02 19:59:55,51.1,66.3167,Overcast Clouds,2.66,99,85,5.61
367,Skjervoy,NO,2022-03-02 19:59:56,70.0311,20.9714,Light Snow,33.98,68,100,35.21
368,Iquique,CL,2022-03-02 19:59:39,-20.2208,-70.1431,Broken Clouds,75.24,77,70,2.3
369,Broken Hill,AU,2022-03-02 19:57:59,-31.95,141.4333,Clear Sky,67.71,83,0,6.91
370,Anori,BR,2022-03-02 19:59:57,-3.7728,-61.6442,Overcast Clouds,82.02,84,89,3.18
371,Muros,ES,2022-03-02 19:59:57,42.7762,-9.0603,Overcast Clouds,54.23,93,100,14.09
372,Keflavik,IS,2022-03-02 19:59:57,64.0049,-22.5624,Light Rain,40.91,81,75,12.66
373,Teluk Nibung,ID,2022-03-02 19:59:58,3.001,99.8164,Overcast Clouds,75.43,93,100,4.34
374,Pospelikha,RU,2022-03-02 19:59:58,51.95,81.7667,Overcast Clouds,-4.88,100,100,5.19
375,Port Hardy,CA,2022-03-02 19:59:59,50.6996,-127.4199,Light Intensity Shower Rain,46.58,87,100,3.44
376,Fairbanks,US,2022-03-02 19:56:55,64.8378,-147.7164,Mist,15.1,86,40,0.0
377,Onguday,RU,2022-03-02 19:59:59,50.75,86.15,Broken Clouds,5.56,96,58,3.85
378,Boden,SE,2022-03-02 20:00:00,65.8252,21.6886,Clear Sky,37.4,74,5,8.48
379,Corn Island,NI,2022-03-02 20:00:00,12.1694,-83.0418,Clear Sky,80.33,70,3,20.6
380,Roxana,CR,2022-03-02 20:00:02,10.2753,-83.7513,Light Rain,88.03,71,62,3.83
381,Corinto,GR,2022-03-02 19:56:55,37.9407,22.9573,Broken Clouds,46.63,61,70,2.33
382,Bayburt,TR,2022-03-02 20:00:03,40.2589,40.2278,Overcast Clouds,34.95,97,100,5.08
383,Dicabisagan,PH,2022-03-02 20:00:08,17.0818,122.4157,Overcast Clouds,73.98,89,95,5.19
384,Joshimath,IN,2022-03-02 20:00:10,30.5667,79.5667,Overcast Clouds,39.6,58,91,8.77
385,Chara,RU,2022-03-02 20:00:11,56.9064,118.2631,Overcast Clouds,-3.1,73,100,2.04
386,Vardo,NO,2022-03-02 20:00:14,70.3705,31.1107,Broken Clouds,33.78,93,75,3.44
387,Havre-Saint-Pierre,CA,2022-03-02 20:00:16,50.2334,-63.5986,Overcast Clouds,21.56,79,100,12.66
388,Namatanai,PG,2022-03-02 20:00:20,-3.6667,152.4333,Overcast Clouds,78.26,82,100,4.65
389,Lodja,CD,2022-03-02 20:00:21,-3.4833,23.4333,Overcast Clouds,67.1,99,100,2.1
390,Marsa Matruh,EG,2022-03-02 20:00:22,31.3525,27.2453,Clear Sky,55.83,66,0,33.82
391,Boali,CF,2022-03-02 20:00:24,4.8005,18.1275,Overcast Clouds,84.67,35,94,0.56
392,Santa Cruz,BO,2022-03-02 19:55:32,-17.8,-63.1667,Broken Clouds,91.45,55,75,13.8
393,Hobyo,SO,2022-03-02 20:00:25,5.3505,48.5268,Few Clouds,78.33,77,11,19.55
394,Urgut,UZ,2022-03-02 20:00:26,39.4022,67.2431,Clear Sky,38.82,53,5,3.36
395,Lebanon,US,2022-03-02 20:00:26,36.2081,-86.2911,Clear Sky,75.96,29,0,4.61
396,Leningradskiy,RU,2022-03-02 20:00:27,69.3833,178.4167,Overcast Clouds,-0.81,98,99,5.77
397,Samana,DO,2022-03-02 20:00:28,19.2056,-69.3369,Few Clouds,81.21,69,11,8.48
398,Bambanglipuro,ID,2022-03-02 20:00:28,-7.95,110.2833,Overcast Clouds,75.54,90,99,6.78
399,Buta,CD,2022-03-02 20:00:29,2.7858,24.73,Light Rain,72.27,92,83,4.16
400,Mbulu,TZ,2022-03-02 20:00:30,-3.85,35.5333,Overcast Clouds,62.24,53,92,5.91
401,Nioro,GM,2022-03-02 20:00:31,13.35,-15.75,Overcast Clouds,87.13,19,96,6.55
402,Morogoro,TZ,2022-03-02 20:00:31,-6.8167,37.6667,Overcast Clouds,71.11,88,97,2.28
403,De-Kastri,RU,2022-03-02 20:00:32,51.4667,140.7833,Overcast Clouds,-0.76,97,96,4.52
404,Nizhniy Odes,RU,2022-03-02 20:00:32,63.6445,54.856,Overcast Clouds,28.18,90,100,10.89
405,Birin,NP,2022-03-02 20:00:33,26.8865,88.0718,Clear Sky,49.73,67,2,4.52
406,Lata,PT,2022-03-02 19:58:09,40.1629,-8.3327,Overcast Clouds,55.81,89,87,1.86
407,Smolenka,RU,2022-03-02 20:01:34,52.1352,113.4974,Overcast Clouds,6.87,72,100,2.24
408,Manuk Mangkaw,PH,2022-03-02 20:01:34,4.8,119.85,Clear Sky,81.16,77,10,6.33
409,Kiwira,TZ,2022-03-02 20:01:35,-9.1667,33.5333,Light Rain,64.47,94,100,2.98
410,Vinukonda,IN,2022-03-02 20:01:35,16.05,79.75,Overcast Clouds,69.67,69,96,2.48
411,Aleksandrovsk-Sakhalinskiy,RU,2022-03-02 20:01:35,50.8975,142.1561,Overcast Clouds,2.12,98,100,2.46
412,Faya,SA,2022-03-02 20:01:36,18.3851,42.4509,Few Clouds,62.22,57,14,6.2
413,Dublin,US,2022-03-02 20:00:59,37.7021,-121.9358,Overcast Clouds,72.54,56,100,1.99
414,Aleksandro-Nevskiy,RU,2022-03-02 20:01:36,53.4751,40.2095,Overcast Clouds,27.79,98,97,3.15
415,Hanzhong,CN,2022-03-02 20:01:37,33.0728,107.0303,Clear Sky,47.12,61,4,0.78
416,Uyutne,UA,2022-03-02 20:01:37,45.1994,33.3014,Overcast Clouds,39.29,78,88,11.54
417,Calama,CL,2022-03-02 20:01:38,-22.4667,-68.9333,Few Clouds,73.2,42,15,18.19
418,Masuguru,TZ,2022-03-02 20:01:38,-11.3667,38.4167,Overcast Clouds,72.46,94,100,3.56
419,Mildura,AU,2022-03-02 20:01:39,-34.2,142.15,Clear Sky,65.07,86,0,9.13
420,Trinidad,BO,2022-03-02 20:01:39,-14.8333,-64.9,Overcast Clouds,87.62,67,99,5.59
421,Taltal,CL,2022-03-02 20:01:39,-25.4,-70.4833,Few Clouds,69.57,72,24,4.59
422,Calabasas,US,2022-03-02 19:59:01,34.1578,-118.6384,Overcast Clouds,86.04,18,100,3.0
423,Ahipara,NZ,2022-03-02 20:01:40,-35.1667,173.1667,Overcast Clouds,66.81,65,100,14.9
424,Moerai,PF,2022-03-02 20:01:40,-22.4333,-151.3333,Few Clouds,81.48,67,20,11.36
425,Along,IN,2022-03-02 20:01:41,28.1667,94.7667,Clear Sky,54.45,77,5,2.37
426,Semey,KZ,2022-03-02 20:01:41,50.4111,80.2275,Overcast Clouds,10.33,99,98,2.01
427,Aljezur,PT,2022-03-02 20:01:42,37.3191,-8.8033,Overcast Clouds,54.61,75,100,9.31
428,Powell River,CA,2022-03-02 20:01:42,49.8496,-124.5361,Broken Clouds,52.29,87,75,10.36
429,Kemijarvi,FI,2022-03-02 20:01:43,66.7131,27.4306,Overcast Clouds,32.99,85,99,10.87
430,Otradnoye,RU,2022-03-02 20:01:43,59.7775,30.8181,Overcast Clouds,35.04,91,100,4.25
431,Claresholm,CA,2022-03-02 20:01:44,50.0333,-113.5852,Overcast Clouds,22.68,77,100,7.02
432,Los Llanos De Aridane,ES,2022-03-02 20:01:44,28.6585,-17.9182,Broken Clouds,62.35,77,75,13.8
433,Goure,NE,2022-03-02 20:01:45,13.9835,10.2704,Broken Clouds,77.02,5,54,8.79
434,Rocha,UY,2022-03-02 20:01:45,-34.4833,-54.3333,Clear Sky,86.09,32,1,12.37
435,Lincoln,US,2022-03-02 20:01:35,40.8,-96.667,Scattered Clouds,79.29,21,27,8.01
436,Nome,US,2022-03-02 20:00:34,64.5011,-165.4064,Broken Clouds,6.03,97,84,5.53
437,Santa Rosa,PH,2022-03-02 20:01:26,14.3122,121.1114,Scattered Clouds,79.11,82,50,8.59
438,Kholmogory,RU,2022-03-02 20:01:46,64.2229,41.656,Overcast Clouds,28.51,94,95,6.6
439,Saint George,US,2022-03-02 19:59:27,37.1041,-113.5841,Clear Sky,77.47,21,1,3.83
440,Afsin,TR,2022-03-02 20:01:47,38.2477,36.914,Light Rain,38.91,98,100,3.91
441,Tecpan,GT,2022-03-02 20:01:47,14.7623,-90.9947,Scattered Clouds,70.45,36,48,5.73
442,Tezu,IN,2022-03-02 20:01:48,27.9167,96.1667,Clear Sky,62.37,36,0,4.81
443,Necochea,AR,2022-03-02 20:00:09,-38.5473,-58.7368,Clear Sky,69.04,50,0,13.94
444,Axams,AT,2022-03-02 20:01:49,47.2081,11.2869,Broken Clouds,30.38,41,75,2.3
445,Warner Robins,US,2022-03-02 20:01:49,32.621,-83.5999,Clear Sky,80.94,21,0,5.75
446,Shenjiamen,CN,2022-03-02 20:01:49,29.9576,122.298,Clear Sky,47.95,79,0,8.19
447,Napanee,CA,2022-03-02 19:58:17,44.2501,-76.9494,Overcast Clouds,33.78,77,91,10.4
448,Mananjary,MG,2022-03-02 20:01:50,-21.2167,48.3333,Moderate Rain,76.41,93,100,5.95
449,Porto Belo,BR,2022-03-02 20:01:51,-27.1578,-48.5531,Overcast Clouds,81.25,89,100,2.1
450,Eyl,SO,2022-03-02 20:01:51,7.9803,49.8164,Clear Sky,75.24,74,2,16.71
451,Riyadh,SA,2022-03-02 20:01:52,24.6877,46.7219,Few Clouds,72.88,25,13,10.29
452,Jinchang,CN,2022-03-02 20:01:52,38.4953,102.1739,Overcast Clouds,35.11,25,100,8.23
453,Jutai,BR,2022-03-02 20:01:52,-5.1833,-68.9,Light Rain,79.61,79,93,3.65
454,Shache,CN,2022-03-02 20:02:53,38.4167,77.2406,Clear Sky,44.35,31,7,6.35
455,Trelew,AR,2022-03-02 20:02:54,-43.249,-65.3051,Clear Sky,79.2,31,3,6.55
456,Hay River,CA,2022-03-02 20:02:54,60.8156,-115.7999,Scattered Clouds,-1.44,87,38,4.88
457,San Isidro,PE,2022-03-02 20:02:55,-12.1167,-77.05,Broken Clouds,78.26,67,74,4.0
458,Pulandian,CN,2022-03-02 20:02:55,39.3953,121.9669,Clear Sky,28.53,44,0,3.42
459,Palana,RU,2022-03-02 20:02:56,59.1167,159.9667,Overcast Clouds,27.68,65,100,31.27
460,Berlevag,NO,2022-03-02 20:02:56,70.8578,29.0864,Broken Clouds,35.55,80,75,18.41
461,Yerbogachen,RU,2022-03-02 20:02:57,61.2767,108.0108,Light Snow,14.9,96,100,6.22
462,Ukiah,US,2022-03-02 20:02:57,39.1502,-123.2078,Clear Sky,72.45,53,0,1.01
463,Jumla,NP,2022-03-02 20:02:58,29.2747,82.1838,Few Clouds,36.1,76,12,3.53
464,Abu Kamal,SY,2022-03-02 20:02:59,34.4506,40.9171,Overcast Clouds,63.07,51,100,15.93
465,Dawlatabad,AF,2022-03-02 20:02:59,36.4141,64.9053,Broken Clouds,53.67,65,69,4.27
466,Dire,ML,2022-03-02 20:03:00,12.2833,-10.9667,Clear Sky,90.32,20,2,3.56
467,Winchester,GB,2022-03-02 20:03:00,51.0651,-1.3187,Few Clouds,47.01,77,20,4.61
468,Yaan,NG,2022-03-02 20:03:01,7.3833,8.5667,Broken Clouds,93.61,27,73,2.66
469,Moussoro,TD,2022-03-02 20:03:01,13.6408,16.4901,Overcast Clouds,82.56,4,100,11.52
470,Henties Bay,NA,2022-03-02 20:03:02,-22.116,14.2845,Few Clouds,63.86,84,11,8.63
471,Priiskovyy,RU,2022-03-02 20:03:03,51.9333,116.6333,Overcast Clouds,4.66,92,100,2.91
472,Serebryanyy Bor,RU,2022-03-02 20:03:03,56.8,124.8,Overcast Clouds,-28.34,100,100,1.95
473,Linhares,BR,2022-03-02 20:03:03,-19.3911,-40.0722,Broken Clouds,82.36,70,67,7.34
474,Borogontsy,RU,2022-03-02 20:03:04,62.6683,131.1683,Overcast Clouds,-25.82,100,100,2.51
475,Wanaka,NZ,2022-03-02 20:03:04,-44.7,169.15,Broken Clouds,54.1,76,62,0.69
476,Kota Kinabalu,MY,2022-03-02 20:03:05,5.9749,116.0724,Few Clouds,73.38,94,20,3.44
477,Abu Samrah,SY,2022-03-02 20:03:05,35.3029,37.1841,Overcast Clouds,56.55,71,100,14.27
478,Biak,ID,2022-03-02 20:03:06,-0.9131,122.8766,Overcast Clouds,76.64,83,89,3.22
479,Yatou,CN,2022-03-02 20:03:06,37.15,122.3833,Clear Sky,36.64,53,0,3.53
480,Xinqing,CN,2022-03-02 20:03:07,48.2333,129.5,Overcast Clouds,-6.05,100,94,3.27
481,Tavda,RU,2022-03-02 20:03:07,58.0425,65.2726,Broken Clouds,27.01,88,77,10.87
482,Longyearbyen,SJ,2022-03-02 20:03:08,78.2186,15.6401,Light Snow,12.04,92,75,9.22
483,Acapulco,MX,2022-03-02 20:02:19,16.8634,-99.8901,Clear Sky,85.78,53,5,10.49
484,Turukhansk,RU,2022-03-02 20:03:09,65.8167,87.9833,Overcast Clouds,-7.49,98,99,5.41
485,La Ronge,CA,2022-03-02 20:00:18,55.1001,-105.2842,Clear Sky,4.64,75,6,5.03
486,Chapais,CA,2022-03-02 20:03:10,49.7834,-74.8492,Overcast Clouds,8.02,72,100,8.7
487,Umm Lajj,SA,2022-03-02 20:03:10,25.0213,37.2685,Clear Sky,74.57,75,5,2.42
488,Rio Grande,BR,2022-03-02 20:03:11,-32.035,-52.0986,Clear Sky,85.95,58,0,4.0
489,Grand Gaube,MU,2022-03-02 20:03:11,-20.0064,57.6608,Light Rain,78.39,89,32,3.0
490,Waw,SS,2022-03-02 20:03:12,7.7029,27.9953,Overcast Clouds,85.62,47,100,7.4
491,Sterling,US,2022-03-02 20:03:12,39.0062,-77.4286,Broken Clouds,64.53,46,75,6.91
492,Harboore,DK,2022-03-02 20:03:13,56.6175,8.1807,Clear Sky,38.08,87,1,4.97
493,Birnin Kebbi,NG,2022-03-02 20:03:13,12.4539,4.1975,Broken Clouds,87.76,9,57,6.62
494,Okha,RU,2022-03-02 20:03:14,53.5739,142.9478,Overcast Clouds,-7.65,100,95,9.44
495,Praia,CV,2022-03-02 20:02:53,14.9215,-23.5087,Few Clouds,72.14,83,20,18.41
496,Lahij,YE,2022-03-02 20:03:15,13.1667,44.5833,Clear Sky,72.41,63,3,3.67
497,Ustka,PL,2022-03-02 20:03:15,54.5805,16.8619,Clear Sky,34.84,85,1,6.44
498,Miri,MY,2022-03-02 20:03:16,4.4148,114.0089,Overcast Clouds,74.91,94,96,4.76
499,Lembeni,TZ,2022-03-02 20:04:16,-3.7833,37.6167,Overcast Clouds,75.43,42,99,9.64
500,Caucasia,CO,2022-03-02 20:04:17,7.9865,-75.1935,Broken Clouds,90.55,54,83,4.14
501,Itamarandiba,BR,2022-03-02 20:04:17,-17.8572,-42.8589,Broken Clouds,71.78,83,79,4.34
502,Sayyan,YE,2022-03-02 20:04:18,15.1718,44.3244,Clear Sky,57.02,36,7,11.99
503,Visby,SE,2022-03-02 20:04:18,57.6409,18.296,Clear Sky,30.42,93,1,5.75
504,Inhambane,MZ,2022-03-02 20:04:19,-23.865,35.3833,Clear Sky,73.27,70,0,10.16
505,Narsaq,GL,2022-03-02 20:04:20,60.9167,-46.05,Light Snow,25.02,95,100,7.18
506,Escanaba,US,2022-03-02 20:04:20,45.7453,-87.0646,Overcast Clouds,31.68,75,100,10.36
507,Coquimbo,CL,2022-03-02 20:04:21,-29.9533,-71.3436,Clear Sky,68.25,72,3,6.17
508,Conceicao Do Coite,BR,2022-03-02 20:04:21,-11.5639,-39.2828,Overcast Clouds,90.54,28,92,10.94
509,Saint-Paul,RE,2022-03-02 20:04:22,-21.0096,55.2707,Clear Sky,78.91,83,2,0.94
510,Tiebissou,CI,2022-03-02 20:04:22,7.1574,-5.2257,Moderate Rain,77.04,71,100,0.45
511,Camabatela,AO,2022-03-02 20:04:23,-8.1881,15.375,Light Rain,64.38,94,89,1.14
512,Aswan,EG,2022-03-02 20:04:23,24.0934,32.907,Few Clouds,78.33,13,14,5.93
513,Kaitangata,NZ,2022-03-02 20:02:15,-46.2817,169.8464,Overcast Clouds,48.22,84,88,3.15
514,San Luis,AR,2022-03-02 20:01:06,-33.295,-66.3356,Clear Sky,87.22,27,0,12.37
515,Hambantota,LK,2022-03-02 20:04:24,6.1241,81.1185,Overcast Clouds,78.53,75,100,18.81
516,Ukrayinka,UA,2022-03-02 20:04:24,47.9167,35.35,Overcast Clouds,37.9,98,100,4.07
517,Sibolga,ID,2022-03-02 20:04:25,1.7427,98.7792,Overcast Clouds,77.04,87,96,2.95
518,Baykit,RU,2022-03-02 20:04:26,61.67,96.37,Overcast Clouds,7.97,92,100,9.06
519,Marrakesh,MA,2022-03-02 20:04:26,31.6315,-8.0083,Few Clouds,66.27,42,20,13.8
520,Rajapur,IN,2022-03-02 20:04:27,25.3833,81.15,Clear Sky,63.64,35,0,2.93
521,Sao Filipe,CV,2022-03-02 20:04:27,14.8961,-24.4956,Clear Sky,73.22,70,0,14.03
522,Bonanza,NI,2022-03-02 20:04:28,14.0289,-84.591,Clear Sky,88.92,33,4,6.73
523,Hidalgotitlan,MX,2022-03-02 20:04:28,17.7833,-94.6333,Overcast Clouds,73.42,66,85,8.79
524,Pedernales,DO,2022-03-02 20:04:29,18.0384,-71.744,Few Clouds,81.45,67,17,3.91
525,Varkaus,FI,2022-03-02 20:04:29,62.3153,27.873,Broken Clouds,32.11,93,55,8.34
526,Lamu,KE,2022-03-02 20:04:30,-2.2717,40.902,Scattered Clouds,79.02,86,31,15.57
527,Sabang,ID,2022-03-02 20:04:30,5.8933,95.3214,Overcast Clouds,80.67,78,100,10.16
528,Sur,OM,2022-03-02 20:04:30,22.5667,59.5289,Clear Sky,73.67,68,0,4.18
529,Kirakira,SB,2022-03-02 20:04:31,-10.4544,161.9205,Overcast Clouds,80.29,83,100,5.17
530,Yeppoon,AU,2022-03-02 20:00:37,-23.1333,150.7333,Few Clouds,82.18,91,22,11.3
531,Dawson Creek,CA,2022-03-02 20:00:14,55.7666,-120.2362,Overcast Clouds,17.24,79,100,6.91
532,Saint Anthony,US,2022-03-02 20:00:14,45.0205,-93.218,Overcast Clouds,33.93,64,100,5.99
533,Mambog,PH,2022-03-02 20:04:32,15.3137,120.0304,Overcast Clouds,76.05,75,99,4.47
534,Meadow Lake,US,2022-03-02 20:02:28,34.8014,-106.5436,Clear Sky,69.67,12,0,4.94
535,Bodoc,RO,2022-03-02 20:04:33,45.95,25.85,Overcast Clouds,33.06,94,95,2.24
536,Nemuro,JP,2022-03-02 20:04:33,43.3236,145.575,Overcast Clouds,26.37,84,100,1.81
537,Aksarka,RU,2022-03-02 20:04:33,66.5606,67.7975,Light Snow,13.37,96,100,4.76
538,Carora,VE,2022-03-02 20:04:34,10.1755,-70.0827,Overcast Clouds,90.72,37,100,5.75
539,Nara,JP,2022-03-02 20:04:19,34.6851,135.8049,Broken Clouds,45.68,76,72,2.71
540,Beni,CD,2022-03-02 20:04:35,0.5,29.4667,Light Rain,64.38,97,99,1.79
541,Monrovia,LR,2022-03-02 20:04:35,6.3005,-10.7969,Moderate Rain,76.77,86,73,6.04
542,Matay,EG,2022-03-02 20:04:36,28.419,30.7792,Overcast Clouds,72.34,19,99,14.97
543,Amapa,BR,2022-03-02 20:05:36,1.0,-52.0,Broken Clouds,83.5,73,64,3.04
544,Russkaya Polyana,UA,2022-03-02 20:05:37,49.417,31.9201,Overcast Clouds,33.55,99,100,3.94
545,Pacific Grove,US,2022-03-02 20:02:49,36.6177,-121.9166,Clear Sky,74.8,65,0,7.0
546,Bilma,NE,2022-03-02 20:05:38,18.6853,12.9164,Clear Sky,80.42,9,0,7.83
547,Awjilah,LY,2022-03-02 20:05:38,29.1081,21.2869,Scattered Clouds,55.17,50,36,16.4
548,Payo,ID,2022-03-02 20:05:39,-3.7508,103.6372,Overcast Clouds,70.95,94,100,2.39
549,Ancud,CL,2022-03-02 20:01:57,-41.8697,-73.8203,Overcast Clouds,67.23,86,100,6.55
550,Sao Felix Do Xingu,BR,2022-03-02 20:05:39,-6.6447,-51.995,Overcast Clouds,79.16,95,99,2.26
551,Snyder,US,2022-03-02 20:05:40,32.7179,-100.9176,Clear Sky,76.08,14,0,5.75
552,San Andres,CO,2022-03-02 20:05:40,12.5847,-81.7006,Broken Clouds,86.02,66,75,13.8
553,Olafsvik,IS,2022-03-02 20:05:40,64.8945,-23.7142,Overcast Clouds,38.64,76,100,21.77
554,Hanko,FI,2022-03-02 20:05:41,59.8333,22.95,Clear Sky,32.85,84,7,9.84
555,Vechta,DE,2022-03-02 20:05:41,52.7167,8.2833,Clear Sky,38.89,71,0,1.01
556,Wonogiri,ID,2022-03-02 20:05:42,-7.8144,110.9259,Overcast Clouds,74.07,91,95,2.59
557,Palmer,US,2022-03-02 20:05:42,42.1584,-72.3287,Few Clouds,44.31,44,20,14.97
558,Aguimes,ES,2022-03-02 20:05:43,27.9054,-15.4461,Scattered Clouds,63.66,68,40,21.85
559,Novo Aripuana,BR,2022-03-02 20:05:43,-5.1206,-60.3797,Overcast Clouds,84.4,75,86,2.28
560,Guangyuan,CN,2022-03-02 20:05:44,32.442,105.823,Few Clouds,47.95,71,18,2.57
561,Srednekolymsk,RU,2022-03-02 20:05:44,67.45,153.6833,Overcast Clouds,-11.43,97,100,6.38
562,Bouna,CI,2022-03-02 20:05:45,9.2667,-3.0,Overcast Clouds,84.22,53,100,3.87
563,Coromandel,BR,2022-03-02 20:05:45,-18.4733,-47.2003,Broken Clouds,75.11,66,78,4.99
564,Ryotsu,JP,2022-03-02 20:05:46,38.0833,138.4333,Overcast Clouds,45.01,70,87,20.31
565,Arlit,NE,2022-03-02 20:05:46,18.7369,7.3853,Clear Sky,83.07,8,8,5.64
566,Kwinana,AU,2022-03-02 20:05:47,-32.25,115.7667,Clear Sky,55.81,70,0,9.33
567,Ahar,IR,2022-03-02 20:05:47,38.4774,47.0699,Overcast Clouds,46.11,73,100,5.17
568,Umm Kaddadah,SD,2022-03-02 20:05:47,13.6017,26.6876,Broken Clouds,78.4,12,55,12.15
569,Terrace,CA,2022-03-02 20:05:48,54.5163,-128.6035,Mist,40.91,93,100,3.44
570,Carolina,PR,2022-03-02 20:03:34,18.3808,-65.9574,Clear Sky,87.73,70,10,12.5
571,Hofn,IS,2022-03-02 20:05:48,64.2539,-15.2082,Overcast Clouds,43.61,90,100,25.41
572,Puquio,PE,2022-03-02 20:05:49,-14.7,-74.1333,Overcast Clouds,59.25,74,87,7.83
573,Martil,MA,2022-03-02 20:05:49,35.6166,-5.2752,Clear Sky,62.58,66,5,9.15
574,Sao Jose Da Coroa Grande,BR,2022-03-02 20:05:50,-8.8978,-35.1478,Broken Clouds,82.2,74,79,8.79
575,Tsabong,BW,2022-03-02 20:05:51,-26.0217,22.401,Overcast Clouds,86.83,25,93,1.54
576,Kloulklubed,PW,2022-03-02 20:05:51,7.0419,134.2556,Few Clouds,82.71,79,22,16.04
577,Kawalu,ID,2022-03-02 20:05:51,-7.3817,108.2082,Overcast Clouds,71.69,91,99,1.52
578,Pauini,BR,2022-03-02 20:05:52,-7.7136,-66.9764,Overcast Clouds,83.14,72,100,3.33
579,Kungurtug,RU,2022-03-02 20:05:52,50.5994,97.5228,Overcast Clouds,11.61,75,100,9.89
580,Bom Jesus,BR,2022-03-02 20:01:11,-9.0744,-44.3586,Very Heavy Rain,82.24,64,100,3.71
581,Sept-Iles,CA,2022-03-02 20:05:53,50.2001,-66.3821,Broken Clouds,22.05,78,76,8.01
582,Loncoche,CL,2022-03-02 20:05:54,-39.3667,-72.6333,Scattered Clouds,76.78,43,41,9.64
583,Bintulu,MY,2022-03-02 20:05:54,3.1667,113.0333,Light Rain,75.94,93,100,3.31
584,Ust-Shonosha,RU,2022-03-02 20:05:55,61.1531,41.343,Overcast Clouds,26.4,96,99,5.84
585,Kushima,JP,2022-03-02 20:05:55,31.4583,131.2333,Clear Sky,42.98,76,0,9.44
586,Kalaleh,IR,2022-03-02 20:05:56,37.3807,55.4916,Broken Clouds,57.04,60,76,3.62
587,Waingapu,ID,2022-03-02 20:05:56,-9.6567,120.2641,Broken Clouds,78.12,87,67,6.22
588,Zhezkazgan,KZ,2022-03-02 20:05:57,47.8043,67.7144,Clear Sky,6.76,96,7,6.44
589,Itacare,BR,2022-03-02 20:05:57,-14.2775,-38.9967,Overcast Clouds,81.07,71,100,6.55
590,Agadez,NE,2022-03-02 20:06:58,19.75,10.25,Clear Sky,77.16,10,8,7.0
591,Port Blair,IN,2022-03-02 20:06:58,11.6667,92.75,Overcast Clouds,80.2,82,86,6.82
592,Chimoio,MZ,2022-03-02 20:06:58,-19.1164,33.4833,Clear Sky,67.17,88,4,1.81
593,Puerto Madero,MX,2022-03-02 20:06:59,14.7208,-92.4215,Scattered Clouds,91.6,46,40,5.75
594,Baracoa,CU,2022-03-02 20:06:59,20.3467,-74.4958,Few Clouds,81.7,61,22,7.58
595,Poum,NC,2022-03-02 20:07:00,-20.2333,164.0167,Overcast Clouds,81.25,75,100,7.74
596,Haysville,US,2022-03-02 20:07:00,37.5645,-97.3523,Clear Sky,82.8,11,0,14.97
597,Bolobo,CD,2022-03-02 20:07:01,-2.1667,16.2333,Light Rain,74.41,81,99,5.5
598,San Nicolas,PH,2022-03-02 20:07:01,18.1725,120.5953,Few Clouds,73.71,71,17,5.77
599,Awbari,LY,2022-03-02 20:07:02,26.5921,12.7805,Overcast Clouds,58.96,32,93,10.92
600,Lufilufi,WS,2022-03-02 20:07:02,-13.8745,-171.5986,Light Rain,82.18,78,99,12.75
601,Hualmay,PE,2022-03-02 20:07:02,-11.0964,-77.6139,Overcast Clouds,76.12,70,90,7.31
602,Kinkala,CG,2022-03-02 20:07:03,-4.3614,14.7644,Overcast Clouds,73.51,86,85,2.93
603,Carutapera,BR,2022-03-02 20:07:03,-1.195,-46.02,Overcast Clouds,82.74,72,100,7.76
604,Opuwo,NA,2022-03-02 20:07:04,-18.0607,13.84,Overcast Clouds,72.19,43,100,4.7
605,Linxia,CN,2022-03-02 20:07:04,35.6003,103.2064,Overcast Clouds,33.42,50,100,1.48
606,Ust-Ishim,RU,2022-03-02 20:07:04,57.6935,71.1665,Overcast Clouds,21.29,94,100,10.4
607,Tautira,PF,2022-03-02 20:07:05,-17.7333,-149.15,Light Rain,86.02,74,32,19.51
608,Beloha,MG,2022-03-02 20:07:05,-25.1667,45.05,Broken Clouds,72.43,93,69,8.9
609,Diu,IN,2022-03-02 20:07:06,20.7141,70.9822,Clear Sky,77.05,33,0,10.2
610,Camacha,PT,2022-03-02 20:07:06,33.0833,-16.3333,Scattered Clouds,61.56,82,40,16.11
611,Fort Nelson,CA,2022-03-02 20:07:07,58.8053,-122.7002,Overcast Clouds,10.44,87,100,2.04
612,Ruthin,GB,2022-03-02 20:07:07,53.1137,-3.3178,Overcast Clouds,48.7,97,100,8.99
613,Koslan,RU,2022-03-02 20:07:08,63.4564,48.8989,Overcast Clouds,26.01,93,99,8.84
614,Evensk,RU,2022-03-02 20:07:08,61.95,159.2333,Overcast Clouds,19.31,67,100,26.57
615,Rudbar,AF,2022-03-02 20:07:09,30.15,62.6,Clear Sky,64.31,33,0,2.37
616,Kankon,IN,2022-03-02 20:07:09,15.0167,74.0167,Few Clouds,74.82,68,12,4.72
617,Kletskaya,RU,2022-03-02 20:07:10,49.3145,43.0584,Overcast Clouds,33.08,97,100,9.78
618,Puerto Leguizamo,CO,2022-03-02 20:07:10,-0.1934,-74.7819,Light Rain,77.59,92,100,3.47
619,Pryluky,UA,2022-03-02 20:07:11,50.5932,32.3876,Overcast Clouds,34.48,99,100,5.88
620,Tomatlan,MX,2022-03-02 20:07:11,19.9333,-105.25,Clear Sky,87.62,40,0,10.33
621,Santa Isabel Do Rio Negro,BR,2022-03-02 20:07:12,-0.4139,-65.0192,Light Rain,75.54,95,100,2.08
622,Vila Velha,BR,2022-03-02 20:07:12,-20.3297,-40.2925,Few Clouds,84.15,77,20,16.11
623,Kostino,RU,2022-03-02 20:07:13,58.9097,53.2691,Few Clouds,20.37,96,18,4.97
624,Santa Pola,ES,2022-03-02 20:03:13,38.1917,-0.5658,Clear Sky,61.66,63,0,3.44
625,Odesskoye,RU,2022-03-02 20:07:14,54.2111,72.9651,Scattered Clouds,6.44,97,38,9.71
626,Omsukchan,RU,2022-03-02 20:07:14,62.5333,155.8,Overcast Clouds,-11.43,100,100,5.23
627,Hamilton,US,2022-03-02 20:07:02,39.1834,-84.5333,Clear Sky,65.64,39,0,5.75
628,Esna,EG,2022-03-02 20:07:15,25.2934,32.554,Clear Sky,75.74,9,3,7.63
629,Itatiaia,BR,2022-03-02 20:05:22,-22.4961,-44.5633,Overcast Clouds,82.65,71,86,3.04
630,Venado Tuerto,AR,2022-03-02 20:07:15,-33.7456,-61.9688,Clear Sky,83.79,29,0,10.33
631,Mokhsogollokh,RU,2022-03-02 20:07:16,61.4681,128.9203,Overcast Clouds,-19.23,100,99,0.96
632,Kambam,ID,2022-03-02 20:07:16,5.2505,96.8629,Broken Clouds,77.7,81,75,6.62
633,Juneau,US,2022-03-02 20:07:17,58.3019,-134.4197,Overcast Clouds,39.25,95,100,0.0
634,Woodward,US,2022-03-02 20:07:17,36.4337,-99.3904,Clear Sky,81.97,12,0,0.0
635,Kozhva,RU,2022-03-02 20:07:17,65.1073,57.0459,Overcast Clouds,30.34,88,100,13.91
636,Riachao,BR,2022-03-02 20:07:18,-7.3619,-46.6172,Overcast Clouds,79.56,76,97,7.43
637,Hermiston,US,2022-03-02 20:05:16,45.8404,-119.2895,Overcast Clouds,57.11,87,100,0.0
638,Bobcaygeon,CA,2022-03-02 20:07:19,44.5462,-78.542,Overcast Clouds,32.88,82,100,10.67
639,Koygorodok,RU,2022-03-02 20:08:19,60.445,50.9968,Overcast Clouds,27.12,96,95,4.34
640,Mareeba,AU,2022-03-02 20:08:20,-17.0,145.4333,Overcast Clouds,75.43,95,90,3.02
641,Maniitsoq,GL,2022-03-02 20:08:20,65.4167,-52.9,Broken Clouds,13.08,93,79,14.0
642,Tilichiki,RU,2022-03-02 20:08:20,60.4667,166.1,Overcast Clouds,18.18,75,100,13.53
643,Illapel,CL,2022-03-02 20:08:21,-31.6308,-71.1653,Clear Sky,82.74,38,0,8.7
644,Guilin,CN,2022-03-02 20:08:21,25.2819,110.2864,Overcast Clouds,60.04,78,100,2.24
645,Ledyard,US,2022-03-02 20:08:22,41.4398,-72.0142,Clear Sky,46.47,45,0,10.36
646,Nurota,UZ,2022-03-02 20:08:22,40.5614,65.6886,Few Clouds,35.69,60,15,4.59
647,Geraldton,AU,2022-03-02 20:08:23,-28.7667,114.6,Clear Sky,55.81,67,0,8.05
648,Nova Olimpia,BR,2022-03-02 20:08:23,-14.7972,-57.2881,Overcast Clouds,86.52,68,100,1.54
649,The Valley,AI,2022-03-02 20:08:23,18.217,-63.0578,Few Clouds,82.09,74,20,14.97
650,Prince Rupert,CA,2022-03-02 20:08:24,54.3161,-130.3201,Overcast Clouds,42.89,93,100,4.61
651,Mauguio,FR,2022-03-02 20:08:24,43.6181,4.0074,Broken Clouds,48.29,81,75,4.61
652,Tuni,IN,2022-03-02 20:08:25,17.35,82.55,Broken Clouds,70.79,63,55,4.56
653,North Bay,CA,2022-03-02 20:06:11,46.3168,-79.4663,Light Snow,26.94,88,100,10.4
654,Vila,PT,2022-03-02 20:08:25,42.0304,-8.1588,Overcast Clouds,43.32,92,100,5.17
655,Tacna,PE,2022-03-02 20:08:26,-18.0056,-70.2483,Clear Sky,75.4,47,0,10.36
656,Nizhnyaya Tavda,RU,2022-03-02 20:08:26,57.6731,66.1725,Overcast Clouds,26.65,89,98,11.9
657,Kieta,PG,2022-03-02 20:08:26,-6.2167,155.6333,Light Rain,77.61,84,100,2.98
658,La Asuncion,VE,2022-03-02 20:05:20,11.0333,-63.8628,Scattered Clouds,80.8,75,48,14.07
659,General Roca,AR,2022-03-02 20:04:49,-39.0333,-67.5833,Few Clouds,84.69,28,11,0.89
660,Suksun,RU,2022-03-02 20:08:27,57.1431,57.3949,Overcast Clouds,18.77,94,89,11.01
661,Liverpool,GB,2022-03-02 20:08:28,53.4106,-2.9779,Light Intensity Drizzle,46.67,92,100,12.66
662,Charcas,MX,2022-03-02 20:08:28,23.1333,-101.1167,Clear Sky,73.69,19,3,9.15
663,Blagoyevo,RU,2022-03-02 20:08:29,63.3667,47.9167,Overcast Clouds,26.65,92,100,7.27
664,Aykhal,RU,2022-03-02 20:08:29,66.0,111.5,Overcast Clouds,-4.32,100,100,5.3
665,Eureka,US,2022-03-02 20:08:30,40.8021,-124.1637,Overcast Clouds,65.19,82,100,5.01
666,Oranjemund,NA,2022-03-02 20:08:30,-28.55,16.4333,Clear Sky,66.81,85,0,7.9
667,Dalbandin,PK,2022-03-02 20:08:30,28.8947,64.4101,Clear Sky,65.41,36,0,3.89
668,Mandera,KE,2022-03-02 20:07:27,3.9366,41.867,Few Clouds,87.3,24,21,10.11
669,Gorontalo,ID,2022-03-02 20:08:31,0.5412,123.0595,Overcast Clouds,74.41,95,98,3.56
670,Paso De Los Toros,UY,2022-03-02 20:08:32,-32.8167,-56.5167,Clear Sky,82.44,46,0,9.33
671,Sanchursk,RU,2022-03-02 20:08:32,56.9413,47.2499,Overcast Clouds,16.2,99,95,5.77
672,Rochelle,FR,2022-03-02 20:08:33,46.25,-1.0,Clear Sky,51.89,93,0,5.75
673,Neubrandenburg,DE,2022-03-02 20:08:33,53.5667,13.2667,Broken Clouds,33.89,71,53,4.59
674,Izvestkovyy,RU,2022-03-02 20:08:34,48.9833,131.55,Scattered Clouds,-0.49,98,40,4.38
675,Collie,AU,2022-03-02 20:08:34,-33.3667,116.15,Scattered Clouds,45.99,88,28,1.61
676,Nizhniy Tsasuchey,RU,2022-03-02 20:08:34,50.5167,115.1333,Overcast Clouds,5.68,91,91,6.76
677,Cabedelo,BR,2022-03-02 20:08:21,-6.9811,-34.8339,Overcast Clouds,84.87,70,100,9.6
678,Leh,IN,2022-03-02 20:08:35,34.1667,77.5833,Overcast Clouds,8.55,79,97,2.62
679,Teknaf,BD,2022-03-02 20:08:36,20.8624,92.3058,Clear Sky,69.21,48,1,9.71
680,Buraydah,SA,2022-03-02 20:08:36,26.326,43.975,Broken Clouds,76.71,22,64,11.7
681,Pitimbu,BR,2022-03-02 20:08:36,-7.4706,-34.8086,Overcast Clouds,84.79,71,100,9.42
682,Mitu,CO,2022-03-02 20:08:37,1.1983,-70.1733,Overcast Clouds,76.46,96,100,2.62
683,Najran,SA,2022-03-02 20:08:37,17.4924,44.1277,Clear Sky,66.61,36,0,4.09
684,Ginir,ET,2022-03-02 20:08:38,7.1333,40.7,Clear Sky,61.99,35,0,3.22
685,Rabaul,PG,2022-03-02 20:08:38,-4.1967,152.1721,Overcast Clouds,78.82,78,100,1.79
686,Sandnessjoen,NO,2022-03-02 20:06:44,66.0217,12.6316,Light Rain,37.51,81,75,9.22
